vehicle_id,time,position,speed,intersection
1,1,0.0,0.0,2교차로
1,2,16.67,2.14,2교차로
1,3,33.33,4.27,2교차로
1,4,50.0,6.41,2교차로
1,5,66.67,8.55,2교차로
1,6,83.33,10.68,2교차로
1,7,100.0,12.82,2교차로
1,8,116.67,14.96,2교차로
1,8,116.67,-0.74,3교차로
1,9,133.33,0.19,3교차로
1,10,150.0,1.11,3교차로
1,11,166.67,2.04,3교차로
1,12,183.33,2.96,3교차로
1,13,200.0,3.89,3교차로
1,14,216.67,4.81,3교차로
1,15,233.33,5.74,3교차로
1,16,250.0,6.67,3교차로
1,17,266.67,7.59,3교차로
1,18,283.33,8.52,3교차로
1,19,300.0,9.44,3교차로
1,20,316.67,10.37,3교차로
1,21,333.33,11.3,3교차로
1,22,350.0,12.22,3교차로
1,23,366.67,13.15,3교차로
1,24,383.33,14.07,3교차로
1,25,400.0,15.0,3교차로
1,26,416.67,15.93,3교차로
1,26,416.67,-1.27,4교차로
1,27,433.33,0.32,4교차로
1,28,450.0,1.9,4교차로
1,29,466.67,3.49,4교차로
1,30,483.33,5.08,4교차로
1,31,500.0,6.67,4교차로
1,32,516.67,8.25,4교차로
1,33,533.33,9.84,4교차로
1,34,550.0,11.43,4교차로
1,35,566.67,13.02,4교차로
1,36,583.33,14.6,4교차로
1,37,600.0,16.19,4교차로
1,37,600.0,-0.08,5교차로
1,38,616.67,0.18,5교차로
1,39,633.33,0.43,5교차로
1,40,650.0,0.68,5교차로
1,41,666.67,0.93,5교차로
1,42,683.33,1.19,5교차로
1,43,700.0,1.44,5교차로
1,44,716.67,1.69,5교차로
1,45,733.33,1.94,5교차로
1,46,750.0,2.2,5교차로
1,47,766.67,2.45,5교차로
1,48,783.33,2.7,5교차로
1,49,800.0,2.95,5교차로
1,50,816.67,3.21,5교차로
1,51,833.33,3.46,5교차로
1,52,850.0,3.71,5교차로
1,53,866.67,3.96,5교차로
1,54,883.33,4.22,5교차로
1,55,900.0,4.47,5교차로
1,56,916.67,4.72,5교차로
1,57,933.33,4.97,5교차로
1,58,950.0,5.23,5교차로
1,59,966.67,5.48,5교차로
1,60,983.33,5.73,5교차로
1,61,1000.0,5.98,5교차로
1,62,1016.67,6.24,5교차로
1,63,1033.33,6.49,5교차로
1,64,1050.0,6.74,5교차로
1,65,1066.67,6.99,5교차로
1,66,1083.33,7.25,5교차로
1,67,1100.0,7.5,5교차로
1,68,1116.67,7.75,5교차로
1,69,1133.33,8.01,5교차로
1,70,1150.0,8.26,5교차로
1,71,1166.67,8.51,5교차로
1,72,1183.33,8.76,5교차로
1,73,1200.0,9.02,5교차로
1,74,1216.67,9.27,5교차로
1,75,1233.33,9.52,5교차로
1,76,1250.0,9.77,5교차로
1,77,1266.67,10.03,5교차로
1,78,1283.33,10.28,5교차로
1,79,1300.0,10.53,5교차로
1,80,1316.67,10.78,5교차로
1,81,1333.33,11.04,5교차로
1,82,1350.0,11.29,5교차로
1,83,1366.67,11.54,5교차로
1,84,1383.33,11.79,5교차로
1,85,1400.0,12.05,5교차로
1,86,1416.67,12.3,5교차로
1,87,1433.33,12.55,5교차로
1,88,1450.0,12.8,5교차로
1,89,1466.67,13.06,5교차로
1,90,1483.33,13.31,5교차로
1,91,1500.0,13.56,5교차로
1,92,1516.67,13.81,5교차로
1,93,1533.33,14.07,5교차로
1,94,1550.0,14.32,5교차로
1,95,1566.67,14.57,5교차로
1,96,1583.33,14.82,5교차로
1,97,1600.0,15.08,5교차로
1,98,1616.67,15.33,5교차로
1,99,1633.33,15.58,5교차로
1,100,1650.0,15.83,5교차로
1,101,1666.67,16.09,5교차로
1,102,1683.33,16.34,5교차로
1,103,1700.0,16.59,5교차로
1,103,1700.0,-0.1,6교차로
1,104,1716.67,0.24,6교차로
1,105,1733.33,0.59,6교차로
1,106,1750.0,0.94,6교차로
1,107,1766.67,1.28,6교차로
1,108,1783.33,1.63,6교차로
1,109,1800.0,1.98,6교차로
1,110,1816.67,2.33,6교차로
1,111,1833.33,2.67,6교차로
1,112,1850.0,3.02,6교차로
1,113,1866.67,3.37,6교차로
1,114,1883.33,3.72,6교차로
1,115,1900.0,4.06,6교차로
1,116,1916.67,4.41,6교차로
1,117,1933.33,4.76,6교차로
1,118,1950.0,5.1,6교차로
1,119,1966.67,5.45,6교차로
1,120,1983.33,5.8,6교차로
1,121,2000.0,6.15,6교차로
1,122,2016.67,6.49,6교차로
1,123,2033.33,6.84,6교차로
1,124,2050.0,7.19,6교차로
1,125,2066.67,7.53,6교차로
1,126,2083.33,7.88,6교차로
1,127,2100.0,8.23,6교차로
1,128,2116.67,8.58,6교차로
1,129,2133.33,8.92,6교차로
1,130,2150.0,9.27,6교차로
1,131,2166.67,9.62,6교차로
1,132,2183.33,9.97,6교차로
1,133,2200.0,10.31,6교차로
1,134,2216.67,10.66,6교차로
1,135,2233.33,11.01,6교차로
1,136,2250.0,11.35,6교차로
1,137,2266.67,11.7,6교차로
1,138,2283.33,12.05,6교차로
1,139,2300.0,12.4,6교차로
1,140,2316.67,12.74,6교차로
1,141,2333.33,13.09,6교차로
1,142,2350.0,13.44,6교차로
1,143,2366.67,13.78,6교차로
1,144,2383.33,14.13,6교차로
1,145,2400.0,14.48,6교차로
1,146,2416.67,14.83,6교차로
1,147,2433.33,15.17,6교차로
1,148,2450.0,15.52,6교차로
1,149,2466.67,15.87,6교차로
1,150,2483.33,16.22,6교차로
1,151,2505.0,0.0,6교차로
1,151,2500.0,16.56,6교차로
1,152,2505.0,0.0,6교차로
1,153,2505.0,0.0,6교차로
1,154,2505.0,0.0,6교차로
1,155,2505.0,0.0,6교차로
1,156,2505.0,0.0,6교차로
1,157,2505.0,0.0,6교차로
1,158,2505.0,0.0,6교차로
1,159,2505.0,0.0,6교차로
1,160,2505.0,0.0,6교차로
1,161,2505.0,0.0,6교차로
1,162,2505.0,0.0,6교차로
1,163,2505.0,0.0,6교차로
1,164,2505.0,0.0,6교차로
1,165,2505.0,0.0,6교차로
1,166,2505.0,0.0,6교차로
1,167,2505.0,0.0,6교차로
1,168,2505.0,0.0,6교차로
1,169,2505.0,0.0,6교차로
1,170,2505.0,0.0,6교차로
1,171,2505.0,0.0,6교차로
1,172,2505.0,0.0,6교차로
1,173,2505.0,0.0,6교차로
1,173,2505.0,0.0,7교차로
1,174,2521.67,1.16,7교차로
1,175,2538.33,2.31,7교차로
1,176,2555.0,3.47,7교차로
1,177,2571.67,4.63,7교차로
1,178,2588.33,5.79,7교차로
1,179,2605.0,6.94,7교차로
1,180,2621.67,8.1,7교차로
1,181,2638.33,9.26,7교차로
1,182,2655.0,10.42,7교차로
1,183,2671.67,11.57,7교차로
1,184,2688.33,12.73,7교차로
1,185,2705.0,13.89,7교차로
1,186,2721.67,15.05,7교차로
1,187,2738.33,16.2,7교차로
1,187,2738.33,-0.14,8교차로
1,188,2755.0,0.21,8교차로
1,189,2771.67,0.56,8교차로
1,190,2788.33,0.91,8교차로
1,191,2805.0,1.26,8교차로
1,192,2821.67,1.61,8교차로
1,193,2838.33,1.96,8교차로
1,194,2855.0,2.31,8교차로
1,195,2871.67,2.67,8교차로
1,196,2888.33,3.02,8교차로
1,197,2905.0,3.37,8교차로
1,198,2921.67,3.72,8교차로
1,199,2938.33,4.07,8교차로
1,200,2955.0,4.42,8교차로
1,201,2971.67,4.77,8교차로
1,202,2988.33,5.12,8교차로
1,203,3005.0,5.47,8교차로
1,204,3021.67,5.82,8교차로
1,205,3038.33,6.17,8교차로
1,206,3055.0,6.52,8교차로
1,207,3071.67,6.87,8교차로
1,208,3088.33,7.23,8교차로
1,209,3105.0,7.58,8교차로
1,210,3121.67,7.93,8교차로
1,211,3138.33,8.28,8교차로
1,212,3155.0,8.63,8교차로
1,213,3171.67,8.98,8교차로
1,214,3188.33,9.33,8교차로
1,215,3205.0,9.68,8교차로
1,216,3221.67,10.03,8교차로
1,217,3238.33,10.38,8교차로
1,218,3255.0,10.73,8교차로
1,219,3271.67,11.08,8교차로
1,220,3288.33,11.43,8교차로
1,221,3305.0,11.78,8교차로
1,222,3321.67,12.14,8교차로
1,223,3338.33,12.49,8교차로
1,224,3355.0,12.84,8교차로
1,225,3371.67,13.19,8교차로
1,226,3388.33,13.54,8교차로
1,227,3405.0,13.89,8교차로
1,228,3421.67,14.24,8교차로
1,229,3438.33,14.59,8교차로
1,230,3455.0,14.94,8교차로
1,231,3471.67,15.29,8교차로
1,232,3488.33,15.64,8교차로
1,233,3505.0,15.99,8교차로
1,234,3537.0,0.0,8교차로
1,234,3521.67,16.34,8교차로
1,235,3537.0,0.0,8교차로
1,235,3537.0,0.0,9교차로
1,236,3553.67,2.31,9교차로
1,237,3570.33,4.63,9교차로
1,238,3587.0,6.94,9교차로
1,239,3603.67,9.26,9교차로
1,240,3620.33,11.57,9교차로
1,241,3637.0,13.89,9교차로
1,242,3653.67,16.2,9교차로
1,242,3653.67,-0.4,10교차로
1,243,3670.33,1.59,10교차로
1,244,3687.0,3.57,10교차로
1,245,3703.67,5.56,10교차로
1,246,3720.33,7.54,10교차로
1,247,3737.0,9.52,10교차로
1,248,3753.67,11.51,10교차로
1,249,3770.33,13.49,10교차로
1,250,3787.0,15.48,10교차로
1,250,3787.0,-0.37,11교차로
1,251,3803.67,0.24,11교차로
1,252,3820.33,0.86,11교차로
1,253,3837.0,1.47,11교차로
1,254,3853.67,2.08,11교차로
1,255,3870.33,2.69,11교차로
1,256,3887.0,3.3,11교차로
1,257,3903.67,3.92,11교차로
1,258,3920.33,4.53,11교차로
1,259,3937.0,5.14,11교차로
1,260,3953.67,5.75,11교차로
1,261,3970.33,6.36,11교차로
1,262,3987.0,6.98,11교차로
1,263,4003.67,7.59,11교차로
1,264,4020.33,8.2,11교차로
1,265,4037.0,8.81,11교차로
1,266,4053.67,9.42,11교차로
1,267,4070.33,10.03,11교차로
1,268,4087.0,10.65,11교차로
1,269,4103.67,11.26,11교차로
1,270,4120.33,11.87,11교차로
1,271,4137.0,12.48,11교차로
1,272,4153.67,13.09,11교차로
1,273,4170.33,13.71,11교차로
1,274,4187.0,14.32,11교차로
1,275,4203.67,14.93,11교차로
1,276,4220.33,15.54,11교차로
1,277,4251.0,0.0,11교차로
1,277,4237.0,16.15,11교차로
1,278,4251.0,0.0,11교차로
1,279,4251.0,0.0,11교차로
1,280,4251.0,0.0,11교차로
1,281,4251.0,0.0,11교차로
1,282,4251.0,0.0,11교차로
1,283,4251.0,0.0,11교차로
1,284,4251.0,0.0,11교차로
1,285,4251.0,0.0,11교차로
1,286,4251.0,0.0,11교차로
1,287,4251.0,0.0,11교차로
1,288,4251.0,0.0,11교차로
1,289,4251.0,0.0,11교차로
1,290,4251.0,0.0,11교차로
1,291,4251.0,0.0,11교차로
1,292,4251.0,0.0,11교차로
1,293,4251.0,0.0,11교차로
1,294,4251.0,0.0,11교차로
1,295,4251.0,0.0,11교차로
1,296,4251.0,0.0,11교차로
1,297,4251.0,0.0,11교차로
1,298,4251.0,0.0,11교차로
1,299,4251.0,0.0,11교차로
1,300,4251.0,0.0,11교차로
1,301,4251.0,0.0,11교차로
1,302,4251.0,0.0,11교차로
1,303,4251.0,0.0,11교차로
1,304,4251.0,0.0,11교차로
1,305,4251.0,0.0,11교차로
1,306,4251.0,0.0,11교차로
1,307,4251.0,0.0,11교차로
1,308,4251.0,0.0,11교차로
1,309,4251.0,0.0,11교차로
1,310,4251.0,0.0,11교차로
1,311,4251.0,0.0,11교차로
1,312,4251.0,0.0,11교차로
1,313,4251.0,0.0,11교차로
1,314,4251.0,0.0,11교차로
1,315,4251.0,0.0,11교차로
1,316,4251.0,0.0,11교차로
1,317,4251.0,0.0,11교차로
1,318,4251.0,0.0,11교차로
1,319,4251.0,0.0,11교차로
1,320,4251.0,0.0,11교차로
1,321,4251.0,0.0,11교차로
1,322,4251.0,0.0,11교차로
1,323,4251.0,0.0,11교차로
1,324,4251.0,0.0,11교차로
1,325,4251.0,0.0,11교차로
1,326,4251.0,0.0,11교차로
1,327,4251.0,0.0,11교차로
1,328,4251.0,0.0,11교차로
1,329,4251.0,0.0,11교차로
1,330,4251.0,0.0,11교차로
1,331,4251.0,0.0,11교차로
1,332,4251.0,0.0,11교차로
1,333,4251.0,0.0,11교차로
1,334,4251.0,0.0,11교차로
1,335,4251.0,0.0,11교차로
1,336,4251.0,0.0,11교차로
1,337,4251.0,0.0,11교차로
1,338,4251.0,0.0,11교차로
1,339,4251.0,0.0,11교차로
1,340,4251.0,0.0,11교차로
1,341,4251.0,0.0,11교차로
1,342,4251.0,0.0,11교차로
1,343,4251.0,0.0,11교차로
1,344,4251.0,0.0,11교차로
1,345,4251.0,0.0,11교차로
1,346,4251.0,0.0,11교차로
1,347,4251.0,0.0,11교차로
1,348,4251.0,0.0,11교차로
1,349,4251.0,0.0,11교차로
1,350,4251.0,0.0,11교차로
1,351,4251.0,0.0,11교차로
1,351,4251.0,0.0,12교차로
1,352,4267.67,0.46,12교차로
1,353,4284.33,0.93,12교차로
1,354,4301.0,1.39,12교차로
1,355,4317.67,1.85,12교차로
1,356,4334.33,2.31,12교차로
1,357,4351.0,2.78,12교차로
1,358,4367.67,3.24,12교차로
1,359,4384.33,3.7,12교차로
1,360,4401.0,4.17,12교차로
1,361,4417.67,4.63,12교차로
1,362,4434.33,5.09,12교차로
1,363,4451.0,5.56,12교차로
1,364,4467.67,6.02,12교차로
1,365,4484.33,6.48,12교차로
1,366,4501.0,6.94,12교차로
1,367,4517.67,7.41,12교차로
1,368,4534.33,7.87,12교차로
1,369,4551.0,8.33,12교차로
1,370,4567.67,8.8,12교차로
1,371,4584.33,9.26,12교차로
1,372,4601.0,9.72,12교차로
1,373,4617.67,10.19,12교차로
1,374,4634.33,10.65,12교차로
1,375,4651.0,11.11,12교차로
1,376,4667.67,11.57,12교차로
1,377,4684.33,12.04,12교차로
1,378,4701.0,12.5,12교차로
1,379,4717.67,12.96,12교차로
1,380,4734.33,13.43,12교차로
1,381,4751.0,13.89,12교차로
1,382,4767.67,14.35,12교차로
1,383,4784.33,14.81,12교차로
1,384,4801.0,15.28,12교차로
1,385,4817.67,15.74,12교차로
1,386,4834.33,16.2,12교차로
1,387,4851.0,16.67,12교차로
1,387,4851.0,0.0,13교차로
1,388,4867.67,0.54,13교차로
1,389,4884.33,1.09,13교차로
1,390,4901.0,1.63,13교차로
1,391,4917.67,2.18,13교차로
1,392,4934.33,2.72,13교차로
1,393,4951.0,3.27,13교차로
1,394,4967.67,3.81,13교차로
1,395,4984.33,4.36,13교차로
1,396,5001.0,4.9,13교차로
1,397,5017.67,5.45,13교차로
1,398,5034.33,5.99,13교차로
1,399,5051.0,6.54,13교차로
1,400,5067.67,7.08,13교차로
1,401,5084.33,7.63,13교차로
1,402,5101.0,8.17,13교차로
1,403,5117.67,8.71,13교차로
1,404,5134.33,9.26,13교차로
1,405,5151.0,9.8,13교차로
1,406,5167.67,10.35,13교차로
1,407,5184.33,10.89,13교차로
1,408,5201.0,11.44,13교차로
1,409,5217.67,11.98,13교차로
1,410,5234.33,12.53,13교차로
1,411,5251.0,13.07,13교차로
1,412,5267.67,13.62,13교차로
1,413,5284.33,14.16,13교차로
1,414,5301.0,14.71,13교차로
1,415,5317.67,15.25,13교차로
1,416,5334.33,15.8,13교차로
1,417,5351.0,16.34,13교차로
1,417,5351.0,-0.56,14교차로
1,418,5367.67,0.37,14교차로
1,419,5384.33,1.3,14교차로
1,420,5401.0,2.22,14교차로
1,421,5417.67,3.15,14교차로
1,422,5434.33,4.07,14교차로
1,423,5451.0,5.0,14교차로
1,424,5467.67,5.93,14교차로
1,425,5484.33,6.85,14교차로
1,426,5501.0,7.78,14교차로
1,427,5517.67,8.7,14교차로
1,428,5534.33,9.63,14교차로
1,429,5551.0,10.56,14교차로
1,430,5567.67,11.48,14교차로
1,431,5584.33,12.41,14교차로
1,432,5601.0,13.33,14교차로
1,433,5617.67,14.26,14교차로
1,434,5634.33,15.19,14교차로
1,435,5651.0,16.11,14교차로
1,435,5651.0,-0.88,15교차로
1,436,5667.67,0.58,15교차로
1,437,5684.33,2.05,15교차로
1,438,5701.0,3.51,15교차로
1,439,5717.67,4.97,15교차로
1,440,5734.33,6.43,15교차로
1,441,5751.0,7.89,15교차로
1,442,5767.67,9.36,15교차로
1,443,5784.33,10.82,15교차로
1,444,5801.0,12.28,15교차로
1,445,5817.67,13.74,15교차로
1,446,5834.33,15.2,15교차로
1,447,5851.0,16.67,15교차로
54,54,0.0,0.0,2교차로
54,55,16.67,2.14,2교차로
54,56,33.33,4.27,2교차로
54,57,50.0,6.41,2교차로
54,58,66.67,8.55,2교차로
54,59,83.33,10.68,2교차로
54,60,100.0,12.82,2교차로
54,61,116.67,14.96,2교차로
54,61,116.67,-0.74,3교차로
54,62,133.33,0.19,3교차로
54,63,150.0,1.11,3교차로
54,64,166.67,2.04,3교차로
54,65,183.33,2.96,3교차로
54,66,200.0,3.89,3교차로
54,67,216.67,4.81,3교차로
54,68,233.33,5.74,3교차로
54,69,250.0,6.67,3교차로
54,70,266.67,7.59,3교차로
54,71,283.33,8.52,3교차로
54,72,300.0,9.44,3교차로
54,73,316.67,10.37,3교차로
54,74,333.33,11.3,3교차로
54,75,350.0,12.22,3교차로
54,76,366.67,13.15,3교차로
54,77,383.33,14.07,3교차로
54,78,400.0,15.0,3교차로
54,79,416.67,15.93,3교차로
54,79,416.67,-1.27,4교차로
54,80,433.33,0.32,4교차로
54,81,450.0,1.9,4교차로
54,82,466.67,3.49,4교차로
54,83,483.33,5.08,4교차로
54,84,500.0,6.67,4교차로
54,85,516.67,8.25,4교차로
54,86,533.33,9.84,4교차로
54,87,550.0,11.43,4교차로
54,88,566.67,13.02,4교차로
54,89,583.33,14.6,4교차로
54,90,600.0,16.19,4교차로
54,90,600.0,-0.08,5교차로
54,91,616.67,0.18,5교차로
54,92,633.33,0.43,5교차로
54,93,650.0,0.68,5교차로
54,94,666.67,0.93,5교차로
54,95,683.33,1.19,5교차로
54,96,700.0,1.44,5교차로
54,97,716.67,1.69,5교차로
54,98,733.33,1.94,5교차로
54,99,750.0,2.2,5교차로
54,100,766.67,2.45,5교차로
54,101,783.33,2.7,5교차로
54,102,800.0,2.95,5교차로
54,103,816.67,3.21,5교차로
54,104,833.33,3.46,5교차로
54,105,850.0,3.71,5교차로
54,106,866.67,3.96,5교차로
54,107,883.33,4.22,5교차로
54,108,900.0,4.47,5교차로
54,109,916.67,4.72,5교차로
54,110,933.33,4.97,5교차로
54,111,950.0,5.23,5교차로
54,112,966.67,5.48,5교차로
54,113,983.33,5.73,5교차로
54,114,1000.0,5.98,5교차로
54,115,1016.67,6.24,5교차로
54,116,1033.33,6.49,5교차로
54,117,1050.0,6.74,5교차로
54,118,1066.67,6.99,5교차로
54,119,1083.33,7.25,5교차로
54,120,1100.0,7.5,5교차로
54,121,1116.67,7.75,5교차로
54,122,1133.33,8.01,5교차로
54,123,1150.0,8.26,5교차로
54,124,1166.67,8.51,5교차로
54,125,1183.33,8.76,5교차로
54,126,1200.0,9.02,5교차로
54,127,1216.67,9.27,5교차로
54,128,1233.33,9.52,5교차로
54,129,1250.0,9.77,5교차로
54,130,1266.67,10.03,5교차로
54,131,1283.33,10.28,5교차로
54,132,1300.0,10.53,5교차로
54,133,1316.67,10.78,5교차로
54,134,1333.33,11.04,5교차로
54,135,1350.0,11.29,5교차로
54,136,1366.67,11.54,5교차로
54,137,1383.33,11.79,5교차로
54,138,1400.0,12.05,5교차로
54,139,1416.67,12.3,5교차로
54,140,1433.33,12.55,5교차로
54,141,1450.0,12.8,5교차로
54,142,1466.67,13.06,5교차로
54,143,1483.33,13.31,5교차로
54,144,1500.0,13.56,5교차로
54,145,1516.67,13.81,5교차로
54,146,1533.33,14.07,5교차로
54,147,1550.0,14.32,5교차로
54,148,1566.67,14.57,5교차로
54,149,1583.33,14.82,5교차로
54,150,1600.0,15.08,5교차로
54,151,1616.67,15.33,5교차로
54,152,1633.33,15.58,5교차로
54,153,1650.0,15.83,5교차로
54,154,1666.67,16.09,5교차로
54,155,1683.33,16.34,5교차로
54,156,1705.0,0.0,5교차로
54,156,1700.0,16.59,5교차로
54,157,1705.0,0.0,5교차로
54,158,1705.0,0.0,5교차로
54,159,1705.0,0.0,5교차로
54,160,1705.0,0.0,5교차로
54,161,1705.0,0.0,5교차로
54,162,1705.0,0.0,5교차로
54,163,1705.0,0.0,5교차로
54,164,1705.0,0.0,5교차로
54,165,1705.0,0.0,5교차로
54,166,1705.0,0.0,5교차로
54,167,1705.0,0.0,5교차로
54,168,1705.0,0.0,5교차로
54,169,1705.0,0.0,5교차로
54,170,1705.0,0.0,5교차로
54,171,1705.0,0.0,5교차로
54,172,1705.0,0.0,5교차로
54,173,1705.0,0.0,5교차로
54,174,1705.0,0.0,5교차로
54,175,1705.0,0.0,5교차로
54,176,1705.0,0.0,5교차로
54,177,1705.0,0.0,5교차로
54,178,1705.0,0.0,5교차로
54,179,1705.0,0.0,5교차로
54,180,1705.0,0.0,5교차로
54,181,1705.0,0.0,5교차로
54,182,1705.0,0.0,5교차로
54,183,1705.0,0.0,5교차로
54,184,1705.0,0.0,5교차로
54,185,1705.0,0.0,5교차로
54,186,1705.0,0.0,5교차로
54,187,1705.0,0.0,5교차로
54,188,1705.0,0.0,5교차로
54,189,1705.0,0.0,5교차로
54,190,1705.0,0.0,5교차로
54,191,1705.0,0.0,5교차로
54,192,1705.0,0.0,5교차로
54,193,1705.0,0.0,5교차로
54,194,1705.0,0.0,5교차로
54,195,1705.0,0.0,5교차로
54,196,1705.0,0.0,5교차로
54,197,1705.0,0.0,5교차로
54,198,1705.0,0.0,5교차로
54,199,1705.0,0.0,5교차로
54,200,1705.0,0.0,5교차로
54,201,1705.0,0.0,5교차로
54,202,1705.0,0.0,5교차로
54,203,1705.0,0.0,5교차로
54,204,1705.0,0.0,5교차로
54,205,1705.0,0.0,5교차로
54,206,1705.0,0.0,5교차로
54,207,1705.0,0.0,5교차로
54,208,1705.0,0.0,5교차로
54,209,1705.0,0.0,5교차로
54,210,1705.0,0.0,5교차로
54,211,1705.0,0.0,5교차로
54,212,1705.0,0.0,5교차로
54,213,1705.0,0.0,5교차로
54,214,1705.0,0.0,5교차로
54,215,1705.0,0.0,5교차로
54,216,1705.0,0.0,5교차로
54,217,1705.0,0.0,5교차로
54,218,1705.0,0.0,5교차로
54,219,1705.0,0.0,5교차로
54,220,1705.0,0.0,5교차로
54,221,1705.0,0.0,5교차로
54,222,1705.0,0.0,5교차로
54,223,1705.0,0.0,5교차로
54,224,1705.0,0.0,5교차로
54,225,1705.0,0.0,5교차로
54,226,1705.0,0.0,5교차로
54,227,1705.0,0.0,5교차로
54,228,1705.0,0.0,5교차로
54,229,1705.0,0.0,5교차로
54,230,1705.0,0.0,5교차로
54,231,1705.0,0.0,5교차로
54,232,1705.0,0.0,5교차로
54,233,1705.0,0.0,5교차로
54,234,1705.0,0.0,5교차로
54,234,1705.0,0.0,6교차로
54,235,1721.67,0.35,6교차로
54,236,1738.33,0.69,6교차로
54,237,1755.0,1.04,6교차로
54,238,1771.67,1.39,6교차로
54,239,1788.33,1.74,6교차로
54,240,1805.0,2.08,6교차로
54,241,1821.67,2.43,6교차로
54,242,1838.33,2.78,6교차로
54,243,1855.0,3.12,6교차로
54,244,1871.67,3.47,6교차로
54,245,1888.33,3.82,6교차로
54,246,1905.0,4.17,6교차로
54,247,1921.67,4.51,6교차로
54,248,1938.33,4.86,6교차로
54,249,1955.0,5.21,6교차로
54,250,1971.67,5.56,6교차로
54,251,1988.33,5.9,6교차로
54,252,2005.0,6.25,6교차로
54,253,2021.67,6.6,6교차로
54,254,2038.33,6.94,6교차로
54,255,2055.0,7.29,6교차로
54,256,2071.67,7.64,6교차로
54,257,2088.33,7.99,6교차로
54,258,2105.0,8.33,6교차로
54,259,2121.67,8.68,6교차로
54,260,2138.33,9.03,6교차로
54,261,2155.0,9.38,6교차로
54,262,2171.67,9.72,6교차로
54,263,2188.33,10.07,6교차로
54,264,2205.0,10.42,6교차로
54,265,2221.67,10.76,6교차로
54,266,2238.33,11.11,6교차로
54,267,2255.0,11.46,6교차로
54,268,2271.67,11.81,6교차로
54,269,2288.33,12.15,6교차로
54,270,2305.0,12.5,6교차로
54,271,2321.67,12.85,6교차로
54,272,2338.33,13.19,6교차로
54,273,2355.0,13.54,6교차로
54,274,2371.67,13.89,6교차로
54,275,2388.33,14.24,6교차로
54,276,2405.0,14.58,6교차로
54,277,2421.67,14.93,6교차로
54,278,2438.33,15.28,6교차로
54,279,2455.0,15.62,6교차로
54,280,2471.67,15.97,6교차로
54,281,2488.33,16.32,6교차로
54,282,2505.0,0.0,6교차로
54,282,2505.0,16.67,6교차로
54,283,2505.0,0.0,6교차로
54,284,2505.0,0.0,6교차로
54,285,2505.0,0.0,6교차로
54,286,2505.0,0.0,6교차로
54,287,2505.0,0.0,6교차로
54,288,2505.0,0.0,6교차로
54,289,2505.0,0.0,6교차로
54,290,2505.0,0.0,6교차로
54,291,2505.0,0.0,6교차로
54,292,2505.0,0.0,6교차로
54,293,2505.0,0.0,6교차로
54,294,2505.0,0.0,6교차로
54,295,2505.0,0.0,6교차로
54,296,2505.0,0.0,6교차로
54,297,2505.0,0.0,6교차로
54,298,2505.0,0.0,6교차로
54,299,2505.0,0.0,6교차로
54,300,2505.0,0.0,6교차로
54,301,2505.0,0.0,6교차로
54,302,2505.0,0.0,6교차로
54,303,2505.0,0.0,6교차로
54,304,2505.0,0.0,6교차로
54,305,2505.0,0.0,6교차로
54,306,2505.0,0.0,6교차로
54,307,2505.0,0.0,6교차로
54,308,2505.0,0.0,6교차로
54,309,2505.0,0.0,6교차로
54,310,2505.0,0.0,6교차로
54,311,2505.0,0.0,6교차로
54,312,2505.0,0.0,6교차로
54,313,2505.0,0.0,6교차로
54,314,2505.0,0.0,6교차로
54,315,2505.0,0.0,6교차로
54,316,2505.0,0.0,6교차로
54,317,2505.0,0.0,6교차로
54,318,2505.0,0.0,6교차로
54,319,2505.0,0.0,6교차로
54,320,2505.0,0.0,6교차로
54,321,2505.0,0.0,6교차로
54,322,2505.0,0.0,6교차로
54,323,2505.0,0.0,6교차로
54,324,2505.0,0.0,6교차로
54,325,2505.0,0.0,6교차로
54,326,2505.0,0.0,6교차로
54,327,2505.0,0.0,6교차로
54,328,2505.0,0.0,6교차로
54,329,2505.0,0.0,6교차로
54,330,2505.0,0.0,6교차로
54,331,2505.0,0.0,6교차로
54,332,2505.0,0.0,6교차로
54,333,2505.0,0.0,6교차로
54,333,2505.0,0.0,7교차로
54,334,2521.67,1.16,7교차로
54,335,2538.33,2.31,7교차로
54,336,2555.0,3.47,7교차로
54,337,2571.67,4.63,7교차로
54,338,2588.33,5.79,7교차로
54,339,2605.0,6.94,7교차로
54,340,2621.67,8.1,7교차로
54,341,2638.33,9.26,7교차로
54,342,2655.0,10.42,7교차로
54,343,2671.67,11.57,7교차로
54,344,2688.33,12.73,7교차로
54,345,2705.0,13.89,7교차로
54,346,2721.67,15.05,7교차로
54,347,2738.33,16.2,7교차로
54,347,2738.33,-0.14,8교차로
54,348,2755.0,0.21,8교차로
54,349,2771.67,0.56,8교차로
54,350,2788.33,0.91,8교차로
54,351,2805.0,1.26,8교차로
54,352,2821.67,1.61,8교차로
54,353,2838.33,1.96,8교차로
54,354,2855.0,2.31,8교차로
54,355,2871.67,2.67,8교차로
54,356,2888.33,3.02,8교차로
54,357,2905.0,3.37,8교차로
54,358,2921.67,3.72,8교차로
54,359,2938.33,4.07,8교차로
54,360,2955.0,4.42,8교차로
54,361,2971.67,4.77,8교차로
54,362,2988.33,5.12,8교차로
54,363,3005.0,5.47,8교차로
54,364,3021.67,5.82,8교차로
54,365,3038.33,6.17,8교차로
54,366,3055.0,6.52,8교차로
54,367,3071.67,6.87,8교차로
54,368,3088.33,7.23,8교차로
54,369,3105.0,7.58,8교차로
54,370,3121.67,7.93,8교차로
54,371,3138.33,8.28,8교차로
54,372,3155.0,8.63,8교차로
54,373,3171.67,8.98,8교차로
54,374,3188.33,9.33,8교차로
54,375,3205.0,9.68,8교차로
54,376,3221.67,10.03,8교차로
54,377,3238.33,10.38,8교차로
54,378,3255.0,10.73,8교차로
54,379,3271.67,11.08,8교차로
54,380,3288.33,11.43,8교차로
54,381,3305.0,11.78,8교차로
54,382,3321.67,12.14,8교차로
54,383,3338.33,12.49,8교차로
54,384,3355.0,12.84,8교차로
54,385,3371.67,13.19,8교차로
54,386,3388.33,13.54,8교차로
54,387,3405.0,13.89,8교차로
54,388,3421.67,14.24,8교차로
54,389,3438.33,14.59,8교차로
54,390,3455.0,14.94,8교차로
54,391,3471.67,15.29,8교차로
54,392,3488.33,15.64,8교차로
54,393,3505.0,15.99,8교차로
54,394,3537.0,0.0,8교차로
54,394,3521.67,16.34,8교차로
54,395,3537.0,0.0,8교차로
54,395,3537.0,0.0,9교차로
54,396,3553.67,2.31,9교차로
54,397,3570.33,4.63,9교차로
54,398,3587.0,6.94,9교차로
54,399,3603.67,9.26,9교차로
54,400,3620.33,11.57,9교차로
54,401,3637.0,13.89,9교차로
54,402,3653.67,16.2,9교차로
54,402,3653.67,-0.4,10교차로
54,403,3670.33,1.59,10교차로
54,404,3687.0,3.57,10교차로
54,405,3703.67,5.56,10교차로
54,406,3720.33,7.54,10교차로
54,407,3737.0,9.52,10교차로
54,408,3753.67,11.51,10교차로
54,409,3770.33,13.49,10교차로
54,410,3787.0,15.48,10교차로
54,410,3787.0,-0.37,11교차로
54,411,3803.67,0.24,11교차로
54,412,3820.33,0.86,11교차로
54,413,3837.0,1.47,11교차로
54,414,3853.67,2.08,11교차로
54,415,3870.33,2.69,11교차로
54,416,3887.0,3.3,11교차로
54,417,3903.67,3.92,11교차로
54,418,3920.33,4.53,11교차로
54,419,3937.0,5.14,11교차로
54,420,3953.67,5.75,11교차로
54,421,3970.33,6.36,11교차로
54,422,3987.0,6.98,11교차로
54,423,4003.67,7.59,11교차로
54,424,4020.33,8.2,11교차로
54,425,4037.0,8.81,11교차로
54,426,4053.67,9.42,11교차로
54,427,4070.33,10.03,11교차로
54,428,4087.0,10.65,11교차로
54,429,4103.67,11.26,11교차로
54,430,4120.33,11.87,11교차로
54,431,4137.0,12.48,11교차로
54,432,4153.67,13.09,11교차로
54,433,4170.33,13.71,11교차로
54,434,4187.0,14.32,11교차로
54,435,4203.67,14.93,11교차로
54,436,4220.33,15.54,11교차로
54,437,4237.0,16.15,11교차로
107,107,0.0,0.0,2교차로
107,108,16.67,2.14,2교차로
107,109,33.33,4.27,2교차로
107,110,50.0,6.41,2교차로
107,111,66.67,8.55,2교차로
107,112,83.33,10.68,2교차로
107,113,100.0,12.82,2교차로
107,114,130.0,0.0,2교차로
107,114,116.67,14.96,2교차로
107,115,130.0,0.0,2교차로
107,116,130.0,0.0,2교차로
107,117,130.0,0.0,2교차로
107,118,130.0,0.0,2교차로
107,119,130.0,0.0,2교차로
107,120,130.0,0.0,2교차로
107,121,130.0,0.0,2교차로
107,122,130.0,0.0,2교차로
107,123,130.0,0.0,2교차로
107,124,130.0,0.0,2교차로
107,125,130.0,0.0,2교차로
107,126,130.0,0.0,2교차로
107,127,130.0,0.0,2교차로
107,128,130.0,0.0,2교차로
107,129,130.0,0.0,2교차로
107,130,130.0,0.0,2교차로
107,131,130.0,0.0,2교차로
107,132,130.0,0.0,2교차로
107,133,130.0,0.0,2교차로
107,134,130.0,0.0,2교차로
107,135,130.0,0.0,2교차로
107,136,130.0,0.0,2교차로
107,137,130.0,0.0,2교차로
107,138,130.0,0.0,2교차로
107,139,130.0,0.0,2교차로
107,140,130.0,0.0,2교차로
107,141,130.0,0.0,2교차로
107,141,130.0,0.0,3교차로
107,142,146.67,0.93,3교차로
107,143,163.33,1.85,3교차로
107,144,180.0,2.78,3교차로
107,145,196.67,3.7,3교차로
107,146,213.33,4.63,3교차로
107,147,230.0,5.56,3교차로
107,148,246.67,6.48,3교차로
107,149,263.33,7.41,3교차로
107,150,280.0,8.33,3교차로
107,151,296.67,9.26,3교차로
107,152,313.33,10.19,3교차로
107,153,330.0,11.11,3교차로
107,154,346.67,12.04,3교차로
107,155,363.33,12.96,3교차로
107,156,380.0,13.89,3교차로
107,157,396.67,14.81,3교차로
107,158,413.33,15.74,3교차로
107,159,430.0,16.67,3교차로
107,159,430.0,0.0,4교차로
107,160,446.67,1.59,4교차로
107,161,463.33,3.17,4교차로
107,162,480.0,4.76,4교차로
107,163,496.67,6.35,4교차로
107,164,513.33,7.94,4교차로
107,165,530.0,9.52,4교차로
107,166,546.67,11.11,4교차로
107,167,563.33,12.7,4교차로
107,168,580.0,14.29,4교차로
107,169,605.0,0.0,4교차로
107,169,596.67,15.87,4교차로
107,170,605.0,0.0,4교차로
107,171,605.0,0.0,4교차로
107,172,605.0,0.0,4교차로
107,173,605.0,0.0,4교차로
107,174,605.0,0.0,4교차로
107,175,605.0,0.0,4교차로
107,176,605.0,0.0,4교차로
107,177,605.0,0.0,4교차로
107,178,605.0,0.0,4교차로
107,179,605.0,0.0,4교차로
107,180,605.0,0.0,4교차로
107,181,605.0,0.0,4교차로
107,182,605.0,0.0,4교차로
107,183,605.0,0.0,4교차로
107,184,605.0,0.0,4교차로
107,185,605.0,0.0,4교차로
107,186,605.0,0.0,4교차로
107,187,605.0,0.0,4교차로
107,187,605.0,0.0,5교차로
107,188,621.67,0.25,5교차로
107,189,638.33,0.51,5교차로
107,190,655.0,0.76,5교차로
107,191,671.67,1.01,5교차로
107,192,688.33,1.26,5교차로
107,193,705.0,1.52,5교차로
107,194,721.67,1.77,5교차로
107,195,738.33,2.02,5교차로
107,196,755.0,2.27,5교차로
107,197,771.67,2.53,5교차로
107,198,788.33,2.78,5교차로
107,199,805.0,3.03,5교차로
107,200,821.67,3.28,5교차로
107,201,838.33,3.54,5교차로
107,202,855.0,3.79,5교차로
107,203,871.67,4.04,5교차로
107,204,888.33,4.29,5교차로
107,205,905.0,4.55,5교차로
107,206,921.67,4.8,5교차로
107,207,938.33,5.05,5교차로
107,208,955.0,5.3,5교차로
107,209,971.67,5.56,5교차로
107,210,988.33,5.81,5교차로
107,211,1005.0,6.06,5교차로
107,212,1021.67,6.31,5교차로
107,213,1038.33,6.57,5교차로
107,214,1055.0,6.82,5교차로
107,215,1071.67,7.07,5교차로
107,216,1088.33,7.32,5교차로
107,217,1105.0,7.58,5교차로
107,218,1121.67,7.83,5교차로
107,219,1138.33,8.08,5교차로
107,220,1155.0,8.33,5교차로
107,221,1171.67,8.59,5교차로
107,222,1188.33,8.84,5교차로
107,223,1205.0,9.09,5교차로
107,224,1221.67,9.34,5교차로
107,225,1238.33,9.6,5교차로
107,226,1255.0,9.85,5교차로
107,227,1271.67,10.1,5교차로
107,228,1288.33,10.35,5교차로
107,229,1305.0,10.61,5교차로
107,230,1321.67,10.86,5교차로
107,231,1338.33,11.11,5교차로
107,232,1355.0,11.36,5교차로
107,233,1371.67,11.62,5교차로
107,234,1388.33,11.87,5교차로
107,235,1405.0,12.12,5교차로
107,236,1421.67,12.37,5교차로
107,237,1438.33,12.63,5교차로
107,238,1455.0,12.88,5교차로
107,239,1471.67,13.13,5교차로
107,240,1488.33,13.38,5교차로
107,241,1505.0,13.64,5교차로
107,242,1521.67,13.89,5교차로
107,243,1538.33,14.14,5교차로
107,244,1555.0,14.39,5교차로
107,245,1571.67,14.65,5교차로
107,246,1588.33,14.9,5교차로
107,247,1605.0,15.15,5교차로
107,248,1621.67,15.4,5교차로
107,249,1638.33,15.66,5교차로
107,250,1655.0,15.91,5교차로
107,251,1671.67,16.16,5교차로
107,252,1688.33,16.41,5교차로
107,253,1705.0,16.67,5교차로
107,253,1705.0,0.0,6교차로
107,254,1721.67,0.35,6교차로
107,255,1738.33,0.69,6교차로
107,256,1755.0,1.04,6교차로
107,257,1771.67,1.39,6교차로
107,258,1788.33,1.74,6교차로
107,259,1805.0,2.08,6교차로
107,260,1821.67,2.43,6교차로
107,261,1838.33,2.78,6교차로
107,262,1855.0,3.12,6교차로
107,263,1871.67,3.47,6교차로
107,264,1888.33,3.82,6교차로
107,265,1905.0,4.17,6교차로
107,266,1921.67,4.51,6교차로
107,267,1938.33,4.86,6교차로
107,268,1955.0,5.21,6교차로
107,269,1971.67,5.56,6교차로
107,270,1988.33,5.9,6교차로
107,271,2005.0,6.25,6교차로
107,272,2021.67,6.6,6교차로
107,273,2038.33,6.94,6교차로
107,274,2055.0,7.29,6교차로
107,275,2071.67,7.64,6교차로
107,276,2088.33,7.99,6교차로
107,277,2105.0,8.33,6교차로
107,278,2121.67,8.68,6교차로
107,279,2138.33,9.03,6교차로
107,280,2155.0,9.38,6교차로
107,281,2171.67,9.72,6교차로
107,282,2188.33,10.07,6교차로
107,283,2205.0,10.42,6교차로
107,284,2221.67,10.76,6교차로
107,285,2238.33,11.11,6교차로
107,286,2255.0,11.46,6교차로
107,287,2271.67,11.81,6교차로
107,288,2288.33,12.15,6교차로
107,289,2305.0,12.5,6교차로
107,290,2321.67,12.85,6교차로
107,291,2338.33,13.19,6교차로
107,292,2355.0,13.54,6교차로
107,293,2371.67,13.89,6교차로
107,294,2388.33,14.24,6교차로
107,295,2405.0,14.58,6교차로
107,296,2421.67,14.93,6교차로
107,297,2438.33,15.28,6교차로
107,298,2455.0,15.62,6교차로
107,299,2471.67,15.97,6교차로
107,300,2488.33,16.32,6교차로
107,301,2505.0,0.0,6교차로
107,301,2505.0,16.67,6교차로
107,302,2505.0,0.0,6교차로
107,303,2505.0,0.0,6교차로
107,304,2505.0,0.0,6교차로
107,305,2505.0,0.0,6교차로
107,306,2505.0,0.0,6교차로
107,307,2505.0,0.0,6교차로
107,308,2505.0,0.0,6교차로
107,309,2505.0,0.0,6교차로
107,310,2505.0,0.0,6교차로
107,311,2505.0,0.0,6교차로
107,312,2505.0,0.0,6교차로
107,313,2505.0,0.0,6교차로
107,314,2505.0,0.0,6교차로
107,315,2505.0,0.0,6교차로
107,316,2505.0,0.0,6교차로
107,317,2505.0,0.0,6교차로
107,318,2505.0,0.0,6교차로
107,319,2505.0,0.0,6교차로
107,320,2505.0,0.0,6교차로
107,321,2505.0,0.0,6교차로
107,322,2505.0,0.0,6교차로
107,323,2505.0,0.0,6교차로
107,324,2505.0,0.0,6교차로
107,325,2505.0,0.0,6교차로
107,326,2505.0,0.0,6교차로
107,327,2505.0,0.0,6교차로
107,328,2505.0,0.0,6교차로
107,329,2505.0,0.0,6교차로
107,330,2505.0,0.0,6교차로
107,331,2505.0,0.0,6교차로
107,332,2505.0,0.0,6교차로
107,333,2505.0,0.0,6교차로
107,333,2505.0,0.0,7교차로
107,334,2521.67,1.16,7교차로
107,335,2538.33,2.31,7교차로
107,336,2555.0,3.47,7교차로
107,337,2571.67,4.63,7교차로
107,338,2588.33,5.79,7교차로
107,339,2605.0,6.94,7교차로
107,340,2621.67,8.1,7교차로
107,341,2638.33,9.26,7교차로
107,342,2655.0,10.42,7교차로
107,343,2671.67,11.57,7교차로
107,344,2688.33,12.73,7교차로
107,345,2705.0,13.89,7교차로
107,346,2721.67,15.05,7교차로
107,347,2738.33,16.2,7교차로
107,347,2738.33,-0.14,8교차로
107,348,2755.0,0.21,8교차로
107,349,2771.67,0.56,8교차로
107,350,2788.33,0.91,8교차로
107,351,2805.0,1.26,8교차로
107,352,2821.67,1.61,8교차로
107,353,2838.33,1.96,8교차로
107,354,2855.0,2.31,8교차로
107,355,2871.67,2.67,8교차로
107,356,2888.33,3.02,8교차로
107,357,2905.0,3.37,8교차로
107,358,2921.67,3.72,8교차로
107,359,2938.33,4.07,8교차로
107,360,2955.0,4.42,8교차로
107,361,2971.67,4.77,8교차로
107,362,2988.33,5.12,8교차로
107,363,3005.0,5.47,8교차로
107,364,3021.67,5.82,8교차로
107,365,3038.33,6.17,8교차로
107,366,3055.0,6.52,8교차로
107,367,3071.67,6.87,8교차로
107,368,3088.33,7.23,8교차로
107,369,3105.0,7.58,8교차로
107,370,3121.67,7.93,8교차로
107,371,3138.33,8.28,8교차로
107,372,3155.0,8.63,8교차로
107,373,3171.67,8.98,8교차로
107,374,3188.33,9.33,8교차로
107,375,3205.0,9.68,8교차로
107,376,3221.67,10.03,8교차로
107,377,3238.33,10.38,8교차로
107,378,3255.0,10.73,8교차로
107,379,3271.67,11.08,8교차로
107,380,3288.33,11.43,8교차로
107,381,3305.0,11.78,8교차로
107,382,3321.67,12.14,8교차로
107,383,3338.33,12.49,8교차로
107,384,3355.0,12.84,8교차로
107,385,3371.67,13.19,8교차로
107,386,3388.33,13.54,8교차로
107,387,3405.0,13.89,8교차로
107,388,3421.67,14.24,8교차로
107,389,3438.33,14.59,8교차로
107,390,3455.0,14.94,8교차로
107,391,3471.67,15.29,8교차로
107,392,3488.33,15.64,8교차로
107,393,3505.0,15.99,8교차로
107,394,3537.0,0.0,8교차로
107,394,3521.67,16.34,8교차로
107,395,3537.0,0.0,8교차로
107,395,3537.0,0.0,9교차로
107,396,3553.67,2.31,9교차로
107,397,3570.33,4.63,9교차로
107,398,3587.0,6.94,9교차로
107,399,3603.67,9.26,9교차로
107,400,3620.33,11.57,9교차로
107,401,3637.0,13.89,9교차로
107,402,3653.67,16.2,9교차로
107,402,3653.67,-0.4,10교차로
107,403,3670.33,1.59,10교차로
107,404,3687.0,3.57,10교차로
107,405,3703.67,5.56,10교차로
107,406,3720.33,7.54,10교차로
107,407,3737.0,9.52,10교차로
107,408,3753.67,11.51,10교차로
107,409,3770.33,13.49,10교차로
107,410,3787.0,15.48,10교차로
107,410,3787.0,-0.37,11교차로
107,411,3803.67,0.24,11교차로
107,412,3820.33,0.86,11교차로
107,413,3837.0,1.47,11교차로
107,414,3853.67,2.08,11교차로
107,415,3870.33,2.69,11교차로
107,416,3887.0,3.3,11교차로
107,417,3903.67,3.92,11교차로
107,418,3920.33,4.53,11교차로
107,419,3937.0,5.14,11교차로
107,420,3953.67,5.75,11교차로
107,421,3970.33,6.36,11교차로
107,422,3987.0,6.98,11교차로
107,423,4003.67,7.59,11교차로
107,424,4020.33,8.2,11교차로
107,425,4037.0,8.81,11교차로
107,426,4053.67,9.42,11교차로
107,427,4070.33,10.03,11교차로
107,428,4087.0,10.65,11교차로
107,429,4103.67,11.26,11교차로
107,430,4120.33,11.87,11교차로
107,431,4137.0,12.48,11교차로
107,432,4153.67,13.09,11교차로
107,433,4170.33,13.71,11교차로
107,434,4187.0,14.32,11교차로
107,435,4203.67,14.93,11교차로
107,436,4220.33,15.54,11교차로
107,437,4237.0,16.15,11교차로
160,160,0.0,0.0,2교차로
160,161,16.67,2.14,2교차로
160,162,33.33,4.27,2교차로
160,163,50.0,6.41,2교차로
160,164,66.67,8.55,2교차로
160,165,83.33,10.68,2교차로
160,166,100.0,12.82,2교차로
160,167,116.67,14.96,2교차로
160,167,116.67,-0.74,3교차로
160,168,133.33,0.19,3교차로
160,169,150.0,1.11,3교차로
160,170,166.67,2.04,3교차로
160,171,183.33,2.96,3교차로
160,172,200.0,3.89,3교차로
160,173,216.67,4.81,3교차로
160,174,233.33,5.74,3교차로
160,175,250.0,6.67,3교차로
160,176,266.67,7.59,3교차로
160,177,283.33,8.52,3교차로
160,178,300.0,9.44,3교차로
160,179,316.67,10.37,3교차로
160,180,333.33,11.3,3교차로
160,181,350.0,12.22,3교차로
160,182,366.67,13.15,3교차로
160,183,383.33,14.07,3교차로
160,184,400.0,15.0,3교차로
160,185,416.67,15.93,3교차로
160,185,416.67,-1.27,4교차로
160,186,433.33,0.32,4교차로
160,187,450.0,1.9,4교차로
160,188,466.67,3.49,4교차로
160,189,483.33,5.08,4교차로
160,190,500.0,6.67,4교차로
160,191,516.67,8.25,4교차로
160,192,533.33,9.84,4교차로
160,193,550.0,11.43,4교차로
160,194,566.67,13.02,4교차로
160,195,583.33,14.6,4교차로
160,196,600.0,16.19,4교차로
160,196,600.0,-0.08,5교차로
160,197,616.67,0.18,5교차로
160,198,633.33,0.43,5교차로
160,199,650.0,0.68,5교차로
160,200,666.67,0.93,5교차로
160,201,683.33,1.19,5교차로
160,202,700.0,1.44,5교차로
160,203,716.67,1.69,5교차로
160,204,733.33,1.94,5교차로
160,205,750.0,2.2,5교차로
160,206,766.67,2.45,5교차로
160,207,783.33,2.7,5교차로
160,208,800.0,2.95,5교차로
160,209,816.67,3.21,5교차로
160,210,833.33,3.46,5교차로
160,211,850.0,3.71,5교차로
160,212,866.67,3.96,5교차로
160,213,883.33,4.22,5교차로
160,214,900.0,4.47,5교차로
160,215,916.67,4.72,5교차로
160,216,933.33,4.97,5교차로
160,217,950.0,5.23,5교차로
160,218,966.67,5.48,5교차로
160,219,983.33,5.73,5교차로
160,220,1000.0,5.98,5교차로
160,221,1016.67,6.24,5교차로
160,222,1033.33,6.49,5교차로
160,223,1050.0,6.74,5교차로
160,224,1066.67,6.99,5교차로
160,225,1083.33,7.25,5교차로
160,226,1100.0,7.5,5교차로
160,227,1116.67,7.75,5교차로
160,228,1133.33,8.01,5교차로
160,229,1150.0,8.26,5교차로
160,230,1166.67,8.51,5교차로
160,231,1183.33,8.76,5교차로
160,232,1200.0,9.02,5교차로
160,233,1216.67,9.27,5교차로
160,234,1233.33,9.52,5교차로
160,235,1250.0,9.77,5교차로
160,236,1266.67,10.03,5교차로
160,237,1283.33,10.28,5교차로
160,238,1300.0,10.53,5교차로
160,239,1316.67,10.78,5교차로
160,240,1333.33,11.04,5교차로
160,241,1350.0,11.29,5교차로
160,242,1366.67,11.54,5교차로
160,243,1383.33,11.79,5교차로
160,244,1400.0,12.05,5교차로
160,245,1416.67,12.3,5교차로
160,246,1433.33,12.55,5교차로
160,247,1450.0,12.8,5교차로
160,248,1466.67,13.06,5교차로
160,249,1483.33,13.31,5교차로
160,250,1500.0,13.56,5교차로
160,251,1516.67,13.81,5교차로
160,252,1533.33,14.07,5교차로
160,253,1550.0,14.32,5교차로
160,254,1566.67,14.57,5교차로
160,255,1583.33,14.82,5교차로
160,256,1600.0,15.08,5교차로
160,257,1616.67,15.33,5교차로
160,258,1633.33,15.58,5교차로
160,259,1650.0,15.83,5교차로
160,260,1666.67,16.09,5교차로
160,261,1683.33,16.34,5교차로
160,262,1700.0,16.59,5교차로
160,262,1700.0,-0.1,6교차로
160,263,1716.67,0.24,6교차로
160,264,1733.33,0.59,6교차로
160,265,1750.0,0.94,6교차로
160,266,1766.67,1.28,6교차로
160,267,1783.33,1.63,6교차로
160,268,1800.0,1.98,6교차로
160,269,1816.67,2.33,6교차로
160,270,1833.33,2.67,6교차로
160,271,1850.0,3.02,6교차로
160,272,1866.67,3.37,6교차로
160,273,1883.33,3.72,6교차로
160,274,1900.0,4.06,6교차로
160,275,1916.67,4.41,6교차로
160,276,1933.33,4.76,6교차로
160,277,1950.0,5.1,6교차로
160,278,1966.67,5.45,6교차로
160,279,1983.33,5.8,6교차로
160,280,2000.0,6.15,6교차로
160,281,2016.67,6.49,6교차로
160,282,2033.33,6.84,6교차로
160,283,2050.0,7.19,6교차로
160,284,2066.67,7.53,6교차로
160,285,2083.33,7.88,6교차로
160,286,2100.0,8.23,6교차로
160,287,2116.67,8.58,6교차로
160,288,2133.33,8.92,6교차로
160,289,2150.0,9.27,6교차로
160,290,2166.67,9.62,6교차로
160,291,2183.33,9.97,6교차로
160,292,2200.0,10.31,6교차로
160,293,2216.67,10.66,6교차로
160,294,2233.33,11.01,6교차로
160,295,2250.0,11.35,6교차로
160,296,2266.67,11.7,6교차로
160,297,2283.33,12.05,6교차로
160,298,2300.0,12.4,6교차로
160,299,2316.67,12.74,6교차로
160,300,2333.33,13.09,6교차로
160,301,2350.0,13.44,6교차로
160,302,2366.67,13.78,6교차로
160,303,2383.33,14.13,6교차로
160,304,2400.0,14.48,6교차로
160,305,2416.67,14.83,6교차로
160,306,2433.33,15.17,6교차로
160,307,2450.0,15.52,6교차로
160,308,2466.67,15.87,6교차로
160,309,2483.33,16.22,6교차로
160,310,2505.0,0.0,6교차로
160,310,2500.0,16.56,6교차로
160,311,2505.0,0.0,6교차로
160,312,2505.0,0.0,6교차로
160,313,2505.0,0.0,6교차로
160,314,2505.0,0.0,6교차로
160,315,2505.0,0.0,6교차로
160,316,2505.0,0.0,6교차로
160,317,2505.0,0.0,6교차로
160,318,2505.0,0.0,6교차로
160,319,2505.0,0.0,6교차로
160,320,2505.0,0.0,6교차로
160,321,2505.0,0.0,6교차로
160,322,2505.0,0.0,6교차로
160,323,2505.0,0.0,6교차로
160,324,2505.0,0.0,6교차로
160,325,2505.0,0.0,6교차로
160,326,2505.0,0.0,6교차로
160,327,2505.0,0.0,6교차로
160,328,2505.0,0.0,6교차로
160,329,2505.0,0.0,6교차로
160,330,2505.0,0.0,6교차로
160,331,2505.0,0.0,6교차로
160,332,2505.0,0.0,6교차로
160,333,2505.0,0.0,6교차로
160,333,2505.0,0.0,7교차로
160,334,2521.67,1.16,7교차로
160,335,2538.33,2.31,7교차로
160,336,2555.0,3.47,7교차로
160,337,2571.67,4.63,7교차로
160,338,2588.33,5.79,7교차로
160,339,2605.0,6.94,7교차로
160,340,2621.67,8.1,7교차로
160,341,2638.33,9.26,7교차로
160,342,2655.0,10.42,7교차로
160,343,2671.67,11.57,7교차로
160,344,2688.33,12.73,7교차로
160,345,2705.0,13.89,7교차로
160,346,2721.67,15.05,7교차로
160,347,2738.33,16.2,7교차로
160,347,2738.33,-0.14,8교차로
160,348,2755.0,0.21,8교차로
160,349,2771.67,0.56,8교차로
160,350,2788.33,0.91,8교차로
160,351,2805.0,1.26,8교차로
160,352,2821.67,1.61,8교차로
160,353,2838.33,1.96,8교차로
160,354,2855.0,2.31,8교차로
160,355,2871.67,2.67,8교차로
160,356,2888.33,3.02,8교차로
160,357,2905.0,3.37,8교차로
160,358,2921.67,3.72,8교차로
160,359,2938.33,4.07,8교차로
160,360,2955.0,4.42,8교차로
160,361,2971.67,4.77,8교차로
160,362,2988.33,5.12,8교차로
160,363,3005.0,5.47,8교차로
160,364,3021.67,5.82,8교차로
160,365,3038.33,6.17,8교차로
160,366,3055.0,6.52,8교차로
160,367,3071.67,6.87,8교차로
160,368,3088.33,7.23,8교차로
160,369,3105.0,7.58,8교차로
160,370,3121.67,7.93,8교차로
160,371,3138.33,8.28,8교차로
160,372,3155.0,8.63,8교차로
160,373,3171.67,8.98,8교차로
160,374,3188.33,9.33,8교차로
160,375,3205.0,9.68,8교차로
160,376,3221.67,10.03,8교차로
160,377,3238.33,10.38,8교차로
160,378,3255.0,10.73,8교차로
160,379,3271.67,11.08,8교차로
160,380,3288.33,11.43,8교차로
160,381,3305.0,11.78,8교차로
160,382,3321.67,12.14,8교차로
160,383,3338.33,12.49,8교차로
160,384,3355.0,12.84,8교차로
160,385,3371.67,13.19,8교차로
160,386,3388.33,13.54,8교차로
160,387,3405.0,13.89,8교차로
160,388,3421.67,14.24,8교차로
160,389,3438.33,14.59,8교차로
160,390,3455.0,14.94,8교차로
160,391,3471.67,15.29,8교차로
160,392,3488.33,15.64,8교차로
160,393,3505.0,15.99,8교차로
160,394,3537.0,0.0,8교차로
160,394,3521.67,16.34,8교차로
160,395,3537.0,0.0,8교차로
160,395,3537.0,0.0,9교차로
160,396,3553.67,2.31,9교차로
160,397,3570.33,4.63,9교차로
160,398,3587.0,6.94,9교차로
160,399,3603.67,9.26,9교차로
160,400,3620.33,11.57,9교차로
160,401,3637.0,13.89,9교차로
160,402,3653.67,16.2,9교차로
160,402,3653.67,-0.4,10교차로
160,403,3670.33,1.59,10교차로
160,404,3687.0,3.57,10교차로
160,405,3703.67,5.56,10교차로
160,406,3720.33,7.54,10교차로
160,407,3737.0,9.52,10교차로
160,408,3753.67,11.51,10교차로
160,409,3770.33,13.49,10교차로
160,410,3787.0,15.48,10교차로
160,410,3787.0,-0.37,11교차로
160,411,3803.67,0.24,11교차로
160,412,3820.33,0.86,11교차로
160,413,3837.0,1.47,11교차로
160,414,3853.67,2.08,11교차로
160,415,3870.33,2.69,11교차로
160,416,3887.0,3.3,11교차로
160,417,3903.67,3.92,11교차로
160,418,3920.33,4.53,11교차로
160,419,3937.0,5.14,11교차로
160,420,3953.67,5.75,11교차로
160,421,3970.33,6.36,11교차로
160,422,3987.0,6.98,11교차로
160,423,4003.67,7.59,11교차로
160,424,4020.33,8.2,11교차로
160,425,4037.0,8.81,11교차로
160,426,4053.67,9.42,11교차로
160,427,4070.33,10.03,11교차로
160,428,4087.0,10.65,11교차로
160,429,4103.67,11.26,11교차로
160,430,4120.33,11.87,11교차로
160,431,4137.0,12.48,11교차로
160,432,4153.67,13.09,11교차로
160,433,4170.33,13.71,11교차로
160,434,4187.0,14.32,11교차로
160,435,4203.67,14.93,11교차로
160,436,4220.33,15.54,11교차로
160,437,4237.0,16.15,11교차로
213,213,0.0,0.0,2교차로
213,214,16.67,2.14,2교차로
213,215,33.33,4.27,2교차로
213,216,50.0,6.41,2교차로
213,217,66.67,8.55,2교차로
213,218,83.33,10.68,2교차로
213,219,100.0,12.82,2교차로
213,220,116.67,14.96,2교차로
213,220,116.67,-0.74,3교차로
213,221,133.33,0.19,3교차로
213,222,150.0,1.11,3교차로
213,223,166.67,2.04,3교차로
213,224,183.33,2.96,3교차로
213,225,200.0,3.89,3교차로
213,226,216.67,4.81,3교차로
213,227,233.33,5.74,3교차로
213,228,250.0,6.67,3교차로
213,229,266.67,7.59,3교차로
213,230,283.33,8.52,3교차로
213,231,300.0,9.44,3교차로
213,232,316.67,10.37,3교차로
213,233,333.33,11.3,3교차로
213,234,350.0,12.22,3교차로
213,235,366.67,13.15,3교차로
213,236,383.33,14.07,3교차로
213,237,400.0,15.0,3교차로
213,238,416.67,15.93,3교차로
213,238,416.67,-1.27,4교차로
213,239,433.33,0.32,4교차로
213,240,450.0,1.9,4교차로
213,241,466.67,3.49,4교차로
213,242,483.33,5.08,4교차로
213,243,500.0,6.67,4교차로
213,244,516.67,8.25,4교차로
213,245,533.33,9.84,4교차로
213,246,550.0,11.43,4교차로
213,247,566.67,13.02,4교차로
213,248,583.33,14.6,4교차로
213,249,600.0,16.19,4교차로
213,249,600.0,-0.08,5교차로
213,250,616.67,0.18,5교차로
213,251,633.33,0.43,5교차로
213,252,650.0,0.68,5교차로
213,253,666.67,0.93,5교차로
213,254,683.33,1.19,5교차로
213,255,700.0,1.44,5교차로
213,256,716.67,1.69,5교차로
213,257,733.33,1.94,5교차로
213,258,750.0,2.2,5교차로
213,259,766.67,2.45,5교차로
213,260,783.33,2.7,5교차로
213,261,800.0,2.95,5교차로
213,262,816.67,3.21,5교차로
213,263,833.33,3.46,5교차로
213,264,850.0,3.71,5교차로
213,265,866.67,3.96,5교차로
213,266,883.33,4.22,5교차로
213,267,900.0,4.47,5교차로
213,268,916.67,4.72,5교차로
213,269,933.33,4.97,5교차로
213,270,950.0,5.23,5교차로
213,271,966.67,5.48,5교차로
213,272,983.33,5.73,5교차로
213,273,1000.0,5.98,5교차로
213,274,1016.67,6.24,5교차로
213,275,1033.33,6.49,5교차로
213,276,1050.0,6.74,5교차로
213,277,1066.67,6.99,5교차로
213,278,1083.33,7.25,5교차로
213,279,1100.0,7.5,5교차로
213,280,1116.67,7.75,5교차로
213,281,1133.33,8.01,5교차로
213,282,1150.0,8.26,5교차로
213,283,1166.67,8.51,5교차로
213,284,1183.33,8.76,5교차로
213,285,1200.0,9.02,5교차로
213,286,1216.67,9.27,5교차로
213,287,1233.33,9.52,5교차로
213,288,1250.0,9.77,5교차로
213,289,1266.67,10.03,5교차로
213,290,1283.33,10.28,5교차로
213,291,1300.0,10.53,5교차로
213,292,1316.67,10.78,5교차로
213,293,1333.33,11.04,5교차로
213,294,1350.0,11.29,5교차로
213,295,1366.67,11.54,5교차로
213,296,1383.33,11.79,5교차로
213,297,1400.0,12.05,5교차로
213,298,1416.67,12.3,5교차로
213,299,1433.33,12.55,5교차로
213,300,1450.0,12.8,5교차로
213,301,1466.67,13.06,5교차로
213,302,1483.33,13.31,5교차로
213,303,1500.0,13.56,5교차로
213,304,1516.67,13.81,5교차로
213,305,1533.33,14.07,5교차로
213,306,1550.0,14.32,5교차로
213,307,1566.67,14.57,5교차로
213,308,1583.33,14.82,5교차로
213,309,1600.0,15.08,5교차로
213,310,1616.67,15.33,5교차로
213,311,1633.33,15.58,5교차로
213,312,1650.0,15.83,5교차로
213,313,1666.67,16.09,5교차로
213,314,1683.33,16.34,5교차로
213,315,1705.0,0.0,5교차로
213,315,1700.0,16.59,5교차로
213,316,1705.0,0.0,5교차로
213,317,1705.0,0.0,5교차로
213,318,1705.0,0.0,5교차로
213,319,1705.0,0.0,5교차로
213,320,1705.0,0.0,5교차로
213,321,1705.0,0.0,5교차로
213,322,1705.0,0.0,5교차로
213,323,1705.0,0.0,5교차로
213,324,1705.0,0.0,5교차로
213,325,1705.0,0.0,5교차로
213,326,1705.0,0.0,5교차로
213,327,1705.0,0.0,5교차로
213,328,1705.0,0.0,5교차로
213,329,1705.0,0.0,5교차로
213,330,1705.0,0.0,5교차로
213,331,1705.0,0.0,5교차로
213,332,1705.0,0.0,5교차로
213,333,1705.0,0.0,5교차로
213,334,1705.0,0.0,5교차로
213,335,1705.0,0.0,5교차로
213,336,1705.0,0.0,5교차로
213,337,1705.0,0.0,5교차로
213,338,1705.0,0.0,5교차로
213,339,1705.0,0.0,5교차로
213,340,1705.0,0.0,5교차로
213,341,1705.0,0.0,5교차로
213,342,1705.0,0.0,5교차로
213,343,1705.0,0.0,5교차로
213,344,1705.0,0.0,5교차로
213,345,1705.0,0.0,5교차로
213,346,1705.0,0.0,5교차로
213,347,1705.0,0.0,5교차로
213,348,1705.0,0.0,5교차로
213,349,1705.0,0.0,5교차로
213,350,1705.0,0.0,5교차로
213,351,1705.0,0.0,5교차로
213,352,1705.0,0.0,5교차로
213,353,1705.0,0.0,5교차로
213,354,1705.0,0.0,5교차로
213,355,1705.0,0.0,5교차로
213,356,1705.0,0.0,5교차로
213,357,1705.0,0.0,5교차로
213,358,1705.0,0.0,5교차로
213,359,1705.0,0.0,5교차로
213,360,1705.0,0.0,5교차로
213,361,1705.0,0.0,5교차로
213,362,1705.0,0.0,5교차로
213,363,1705.0,0.0,5교차로
213,364,1705.0,0.0,5교차로
213,365,1705.0,0.0,5교차로
213,366,1705.0,0.0,5교차로
213,367,1705.0,0.0,5교차로
213,368,1705.0,0.0,5교차로
213,369,1705.0,0.0,5교차로
213,370,1705.0,0.0,5교차로
213,371,1705.0,0.0,5교차로
213,372,1705.0,0.0,5교차로
213,373,1705.0,0.0,5교차로
213,374,1705.0,0.0,5교차로
213,375,1705.0,0.0,5교차로
213,376,1705.0,0.0,5교차로
213,377,1705.0,0.0,5교차로
213,378,1705.0,0.0,5교차로
213,379,1705.0,0.0,5교차로
213,380,1705.0,0.0,5교차로
213,381,1705.0,0.0,5교차로
213,382,1705.0,0.0,5교차로
213,383,1705.0,0.0,5교차로
213,384,1705.0,0.0,5교차로
213,384,1705.0,0.0,6교차로
213,385,1721.67,0.35,6교차로
213,386,1738.33,0.69,6교차로
213,387,1755.0,1.04,6교차로
213,388,1771.67,1.39,6교차로
213,389,1788.33,1.74,6교차로
213,390,1805.0,2.08,6교차로
213,391,1821.67,2.43,6교차로
213,392,1838.33,2.78,6교차로
213,393,1855.0,3.12,6교차로
213,394,1871.67,3.47,6교차로
213,395,1888.33,3.82,6교차로
213,396,1905.0,4.17,6교차로
213,397,1921.67,4.51,6교차로
213,398,1938.33,4.86,6교차로
213,399,1955.0,5.21,6교차로
213,400,1971.67,5.56,6교차로
213,401,1988.33,5.9,6교차로
213,402,2005.0,6.25,6교차로
213,403,2021.67,6.6,6교차로
213,404,2038.33,6.94,6교차로
213,405,2055.0,7.29,6교차로
213,406,2071.67,7.64,6교차로
213,407,2088.33,7.99,6교차로
213,408,2105.0,8.33,6교차로
213,409,2121.67,8.68,6교차로
213,410,2138.33,9.03,6교차로
213,411,2155.0,9.38,6교차로
213,412,2171.67,9.72,6교차로
213,413,2188.33,10.07,6교차로
213,414,2205.0,10.42,6교차로
213,415,2221.67,10.76,6교차로
213,416,2238.33,11.11,6교차로
213,417,2255.0,11.46,6교차로
213,418,2271.67,11.81,6교차로
213,419,2288.33,12.15,6교차로
213,420,2305.0,12.5,6교차로
213,421,2321.67,12.85,6교차로
213,422,2338.33,13.19,6교차로
213,423,2355.0,13.54,6교차로
213,424,2371.67,13.89,6교차로
213,425,2388.33,14.24,6교차로
213,426,2405.0,14.58,6교차로
213,427,2421.67,14.93,6교차로
213,428,2438.33,15.28,6교차로
213,429,2455.0,15.62,6교차로
213,430,2471.67,15.97,6교차로
213,431,2488.33,16.32,6교차로
213,432,2505.0,16.67,6교차로
266,266,0.0,0.0,2교차로
266,267,16.67,2.14,2교차로
266,268,33.33,4.27,2교차로
266,269,50.0,6.41,2교차로
266,270,66.67,8.55,2교차로
266,271,83.33,10.68,2교차로
266,272,100.0,12.82,2교차로
266,273,130.0,0.0,2교차로
266,273,116.67,14.96,2교차로
266,274,130.0,0.0,2교차로
266,275,130.0,0.0,2교차로
266,276,130.0,0.0,2교차로
266,277,130.0,0.0,2교차로
266,278,130.0,0.0,2교차로
266,279,130.0,0.0,2교차로
266,280,130.0,0.0,2교차로
266,281,130.0,0.0,2교차로
266,282,130.0,0.0,2교차로
266,283,130.0,0.0,2교차로
266,284,130.0,0.0,2교차로
266,285,130.0,0.0,2교차로
266,286,130.0,0.0,2교차로
266,287,130.0,0.0,2교차로
266,288,130.0,0.0,2교차로
266,289,130.0,0.0,2교차로
266,290,130.0,0.0,2교차로
266,291,130.0,0.0,2교차로
266,292,130.0,0.0,2교차로
266,293,130.0,0.0,2교차로
266,294,130.0,0.0,2교차로
266,295,130.0,0.0,2교차로
266,296,130.0,0.0,2교차로
266,297,130.0,0.0,2교차로
266,298,130.0,0.0,2교차로
266,299,130.0,0.0,2교차로
266,300,130.0,0.0,2교차로
266,301,130.0,0.0,2교차로
266,301,130.0,0.0,3교차로
266,302,146.67,0.93,3교차로
266,303,163.33,1.85,3교차로
266,304,180.0,2.78,3교차로
266,305,196.67,3.7,3교차로
266,306,213.33,4.63,3교차로
266,307,230.0,5.56,3교차로
266,308,246.67,6.48,3교차로
266,309,263.33,7.41,3교차로
266,310,280.0,8.33,3교차로
266,311,296.67,9.26,3교차로
266,312,313.33,10.19,3교차로
266,313,330.0,11.11,3교차로
266,314,346.67,12.04,3교차로
266,315,363.33,12.96,3교차로
266,316,380.0,13.89,3교차로
266,317,396.67,14.81,3교차로
266,318,413.33,15.74,3교차로
266,319,430.0,16.67,3교차로
266,319,430.0,0.0,4교차로
266,320,446.67,1.59,4교차로
266,321,463.33,3.17,4교차로
266,322,480.0,4.76,4교차로
266,323,496.67,6.35,4교차로
266,324,513.33,7.94,4교차로
266,325,530.0,9.52,4교차로
266,326,546.67,11.11,4교차로
266,327,563.33,12.7,4교차로
266,328,580.0,14.29,4교차로
266,329,605.0,0.0,4교차로
266,329,596.67,15.87,4교차로
266,330,605.0,0.0,4교차로
266,331,605.0,0.0,4교차로
266,332,605.0,0.0,4교차로
266,333,605.0,0.0,4교차로
266,334,605.0,0.0,4교차로
266,335,605.0,0.0,4교차로
266,336,605.0,0.0,4교차로
266,337,605.0,0.0,4교차로
266,338,605.0,0.0,4교차로
266,339,605.0,0.0,4교차로
266,340,605.0,0.0,4교차로
266,341,605.0,0.0,4교차로
266,342,605.0,0.0,4교차로
266,343,605.0,0.0,4교차로
266,344,605.0,0.0,4교차로
266,345,605.0,0.0,4교차로
266,346,605.0,0.0,4교차로
266,347,605.0,0.0,4교차로
266,347,605.0,0.0,5교차로
266,348,621.67,0.25,5교차로
266,349,638.33,0.51,5교차로
266,350,655.0,0.76,5교차로
266,351,671.67,1.01,5교차로
266,352,688.33,1.26,5교차로
266,353,705.0,1.52,5교차로
266,354,721.67,1.77,5교차로
266,355,738.33,2.02,5교차로
266,356,755.0,2.27,5교차로
266,357,771.67,2.53,5교차로
266,358,788.33,2.78,5교차로
266,359,805.0,3.03,5교차로
266,360,821.67,3.28,5교차로
266,361,838.33,3.54,5교차로
266,362,855.0,3.79,5교차로
266,363,871.67,4.04,5교차로
266,364,888.33,4.29,5교차로
266,365,905.0,4.55,5교차로
266,366,921.67,4.8,5교차로
266,367,938.33,5.05,5교차로
266,368,955.0,5.3,5교차로
266,369,971.67,5.56,5교차로
266,370,988.33,5.81,5교차로
266,371,1005.0,6.06,5교차로
266,372,1021.67,6.31,5교차로
266,373,1038.33,6.57,5교차로
266,374,1055.0,6.82,5교차로
266,375,1071.67,7.07,5교차로
266,376,1088.33,7.32,5교차로
266,377,1105.0,7.58,5교차로
266,378,1121.67,7.83,5교차로
266,379,1138.33,8.08,5교차로
266,380,1155.0,8.33,5교차로
266,381,1171.67,8.59,5교차로
266,382,1188.33,8.84,5교차로
266,383,1205.0,9.09,5교차로
266,384,1221.67,9.34,5교차로
266,385,1238.33,9.6,5교차로
266,386,1255.0,9.85,5교차로
266,387,1271.67,10.1,5교차로
266,388,1288.33,10.35,5교차로
266,389,1305.0,10.61,5교차로
266,390,1321.67,10.86,5교차로
266,391,1338.33,11.11,5교차로
266,392,1355.0,11.36,5교차로
266,393,1371.67,11.62,5교차로
266,394,1388.33,11.87,5교차로
266,395,1405.0,12.12,5교차로
266,396,1421.67,12.37,5교차로
266,397,1438.33,12.63,5교차로
266,398,1455.0,12.88,5교차로
266,399,1471.67,13.13,5교차로
266,400,1488.33,13.38,5교차로
266,401,1505.0,13.64,5교차로
266,402,1521.67,13.89,5교차로
266,403,1538.33,14.14,5교차로
266,404,1555.0,14.39,5교차로
266,405,1571.67,14.65,5교차로
266,406,1588.33,14.9,5교차로
266,407,1605.0,15.15,5교차로
266,408,1621.67,15.4,5교차로
266,409,1638.33,15.66,5교차로
266,410,1655.0,15.91,5교차로
266,411,1671.67,16.16,5교차로
266,412,1688.33,16.41,5교차로
266,413,1705.0,16.67,5교차로
266,413,1705.0,0.0,6교차로
266,414,1721.67,0.35,6교차로
266,415,1738.33,0.69,6교차로
266,416,1755.0,1.04,6교차로
266,417,1771.67,1.39,6교차로
266,418,1788.33,1.74,6교차로
266,419,1805.0,2.08,6교차로
266,420,1821.67,2.43,6교차로
266,421,1838.33,2.78,6교차로
266,422,1855.0,3.12,6교차로
266,423,1871.67,3.47,6교차로
266,424,1888.33,3.82,6교차로
266,425,1905.0,4.17,6교차로
266,426,1921.67,4.51,6교차로
266,427,1938.33,4.86,6교차로
266,428,1955.0,5.21,6교차로
266,429,1971.67,5.56,6교차로
266,430,1988.33,5.9,6교차로
266,431,2005.0,6.25,6교차로
266,432,2021.67,6.6,6교차로
266,433,2038.33,6.94,6교차로
266,434,2055.0,7.29,6교차로
266,435,2071.67,7.64,6교차로
266,436,2088.33,7.99,6교차로
266,437,2105.0,8.33,6교차로
266,438,2121.67,8.68,6교차로
266,439,2138.33,9.03,6교차로
266,440,2155.0,9.38,6교차로
266,441,2171.67,9.72,6교차로
266,442,2188.33,10.07,6교차로
266,443,2205.0,10.42,6교차로
266,444,2221.67,10.76,6교차로
266,445,2238.33,11.11,6교차로
266,446,2255.0,11.46,6교차로
266,447,2271.67,11.81,6교차로
266,448,2288.33,12.15,6교차로
266,449,2305.0,12.5,6교차로
266,450,2321.67,12.85,6교차로
266,451,2338.33,13.19,6교차로
266,452,2355.0,13.54,6교차로
266,453,2371.67,13.89,6교차로
266,454,2388.33,14.24,6교차로
266,455,2405.0,14.58,6교차로
266,456,2421.67,14.93,6교차로
266,457,2438.33,15.28,6교차로
266,458,2455.0,15.62,6교차로
266,459,2471.67,15.97,6교차로
266,460,2488.33,16.32,6교차로
266,461,2505.0,16.67,6교차로
319,319,0.0,0.0,2교차로
319,320,16.67,2.14,2교차로
319,321,33.33,4.27,2교차로
319,322,50.0,6.41,2교차로
319,323,66.67,8.55,2교차로
319,324,83.33,10.68,2교차로
319,325,100.0,12.82,2교차로
319,326,116.67,14.96,2교차로
319,326,116.67,-0.74,3교차로
319,327,133.33,0.19,3교차로
319,328,150.0,1.11,3교차로
319,329,166.67,2.04,3교차로
319,330,183.33,2.96,3교차로
319,331,200.0,3.89,3교차로
319,332,216.67,4.81,3교차로
319,333,233.33,5.74,3교차로
319,334,250.0,6.67,3교차로
319,335,266.67,7.59,3교차로
319,336,283.33,8.52,3교차로
319,337,300.0,9.44,3교차로
319,338,316.67,10.37,3교차로
319,339,333.33,11.3,3교차로
319,340,350.0,12.22,3교차로
319,341,366.67,13.15,3교차로
319,342,383.33,14.07,3교차로
319,343,400.0,15.0,3교차로
319,344,416.67,15.93,3교차로
319,344,416.67,-1.27,4교차로
319,345,433.33,0.32,4교차로
319,346,450.0,1.9,4교차로
319,347,466.67,3.49,4교차로
319,348,483.33,5.08,4교차로
319,349,500.0,6.67,4교차로
319,350,516.67,8.25,4교차로
319,351,533.33,9.84,4교차로
319,352,550.0,11.43,4교차로
319,353,566.67,13.02,4교차로
319,354,583.33,14.6,4교차로
319,355,600.0,16.19,4교차로
319,355,600.0,-0.08,5교차로
319,356,616.67,0.18,5교차로
319,357,633.33,0.43,5교차로
319,358,650.0,0.68,5교차로
319,359,666.67,0.93,5교차로
319,360,683.33,1.19,5교차로
319,361,700.0,1.44,5교차로
319,362,716.67,1.69,5교차로
319,363,733.33,1.94,5교차로
319,364,750.0,2.2,5교차로
319,365,766.67,2.45,5교차로
319,366,783.33,2.7,5교차로
319,367,800.0,2.95,5교차로
319,368,816.67,3.21,5교차로
319,369,833.33,3.46,5교차로
319,370,850.0,3.71,5교차로
319,371,866.67,3.96,5교차로
319,372,883.33,4.22,5교차로
319,373,900.0,4.47,5교차로
319,374,916.67,4.72,5교차로
319,375,933.33,4.97,5교차로
319,376,950.0,5.23,5교차로
319,377,966.67,5.48,5교차로
319,378,983.33,5.73,5교차로
319,379,1000.0,5.98,5교차로
319,380,1016.67,6.24,5교차로
319,381,1033.33,6.49,5교차로
319,382,1050.0,6.74,5교차로
319,383,1066.67,6.99,5교차로
319,384,1083.33,7.25,5교차로
319,385,1100.0,7.5,5교차로
319,386,1116.67,7.75,5교차로
319,387,1133.33,8.01,5교차로
319,388,1150.0,8.26,5교차로
319,389,1166.67,8.51,5교차로
319,390,1183.33,8.76,5교차로
319,391,1200.0,9.02,5교차로
319,392,1216.67,9.27,5교차로
319,393,1233.33,9.52,5교차로
319,394,1250.0,9.77,5교차로
319,395,1266.67,10.03,5교차로
319,396,1283.33,10.28,5교차로
319,397,1300.0,10.53,5교차로
319,398,1316.67,10.78,5교차로
319,399,1333.33,11.04,5교차로
319,400,1350.0,11.29,5교차로
319,401,1366.67,11.54,5교차로
319,402,1383.33,11.79,5교차로
319,403,1400.0,12.05,5교차로
319,404,1416.67,12.3,5교차로
319,405,1433.33,12.55,5교차로
319,406,1450.0,12.8,5교차로
319,407,1466.67,13.06,5교차로
319,408,1483.33,13.31,5교차로
319,409,1500.0,13.56,5교차로
319,410,1516.67,13.81,5교차로
319,411,1533.33,14.07,5교차로
319,412,1550.0,14.32,5교차로
319,413,1566.67,14.57,5교차로
319,414,1583.33,14.82,5교차로
319,415,1600.0,15.08,5교차로
319,416,1616.67,15.33,5교차로
319,417,1633.33,15.58,5교차로
319,418,1650.0,15.83,5교차로
319,419,1666.67,16.09,5교차로
319,420,1683.33,16.34,5교차로
319,421,1700.0,16.59,5교차로
372,372,0.0,0.0,2교차로
372,373,16.67,2.14,2교차로
372,374,33.33,4.27,2교차로
372,375,50.0,6.41,2교차로
372,376,66.67,8.55,2교차로
372,377,83.33,10.68,2교차로
372,378,100.0,12.82,2교차로
372,379,116.67,14.96,2교차로
372,379,116.67,-0.74,3교차로
372,380,133.33,0.19,3교차로
372,381,150.0,1.11,3교차로
372,382,166.67,2.04,3교차로
372,383,183.33,2.96,3교차로
372,384,200.0,3.89,3교차로
372,385,216.67,4.81,3교차로
372,386,233.33,5.74,3교차로
372,387,250.0,6.67,3교차로
372,388,266.67,7.59,3교차로
372,389,283.33,8.52,3교차로
372,390,300.0,9.44,3교차로
372,391,316.67,10.37,3교차로
372,392,333.33,11.3,3교차로
372,393,350.0,12.22,3교차로
372,394,366.67,13.15,3교차로
372,395,383.33,14.07,3교차로
372,396,400.0,15.0,3교차로
372,397,416.67,15.93,3교차로
372,397,416.67,-1.27,4교차로
372,398,433.33,0.32,4교차로
372,399,450.0,1.9,4교차로
372,400,466.67,3.49,4교차로
372,401,483.33,5.08,4교차로
372,402,500.0,6.67,4교차로
372,403,516.67,8.25,4교차로
372,404,533.33,9.84,4교차로
372,405,550.0,11.43,4교차로
372,406,566.67,13.02,4교차로
372,407,583.33,14.6,4교차로
372,408,600.0,16.19,4교차로
372,408,600.0,-0.08,5교차로
372,409,616.67,0.18,5교차로
372,410,633.33,0.43,5교차로
372,411,650.0,0.68,5교차로
372,412,666.67,0.93,5교차로
372,413,683.33,1.19,5교차로
372,414,700.0,1.44,5교차로
372,415,716.67,1.69,5교차로
372,416,733.33,1.94,5교차로
372,417,750.0,2.2,5교차로
372,418,766.67,2.45,5교차로
372,419,783.33,2.7,5교차로
372,420,800.0,2.95,5교차로
372,421,816.67,3.21,5교차로
372,422,833.33,3.46,5교차로
372,423,850.0,3.71,5교차로
372,424,866.67,3.96,5교차로
372,425,883.33,4.22,5교차로
372,426,900.0,4.47,5교차로
372,427,916.67,4.72,5교차로
372,428,933.33,4.97,5교차로
372,429,950.0,5.23,5교차로
372,430,966.67,5.48,5교차로
372,431,983.33,5.73,5교차로
372,432,1000.0,5.98,5교차로
372,433,1016.67,6.24,5교차로
372,434,1033.33,6.49,5교차로
372,435,1050.0,6.74,5교차로
372,436,1066.67,6.99,5교차로
372,437,1083.33,7.25,5교차로
372,438,1100.0,7.5,5교차로
372,439,1116.67,7.75,5교차로
372,440,1133.33,8.01,5교차로
372,441,1150.0,8.26,5교차로
372,442,1166.67,8.51,5교차로
372,443,1183.33,8.76,5교차로
372,444,1200.0,9.02,5교차로
372,445,1216.67,9.27,5교차로
372,446,1233.33,9.52,5교차로
372,447,1250.0,9.77,5교차로
372,448,1266.67,10.03,5교차로
372,449,1283.33,10.28,5교차로
372,450,1300.0,10.53,5교차로
372,451,1316.67,10.78,5교차로
372,452,1333.33,11.04,5교차로
372,453,1350.0,11.29,5교차로
372,454,1366.67,11.54,5교차로
372,455,1383.33,11.79,5교차로
372,456,1400.0,12.05,5교차로
372,457,1416.67,12.3,5교차로
372,458,1433.33,12.55,5교차로
372,459,1450.0,12.8,5교차로
372,460,1466.67,13.06,5교차로
372,461,1483.33,13.31,5교차로
372,462,1500.0,13.56,5교차로
372,463,1516.67,13.81,5교차로
372,464,1533.33,14.07,5교차로
372,465,1550.0,14.32,5교차로
372,466,1566.67,14.57,5교차로
372,467,1583.33,14.82,5교차로
372,468,1600.0,15.08,5교차로
372,469,1616.67,15.33,5교차로
372,470,1633.33,15.58,5교차로
372,471,1650.0,15.83,5교차로
372,472,1666.67,16.09,5교차로
372,473,1683.33,16.34,5교차로
372,474,1700.0,16.59,5교차로
